richard59,richard59@green.biz,@2~OMZ025
melindajones,melindajones@lane.com,k9N?OPj76*fO
scottaguirre,scottaguirre@parker.com,4w7^1}43HNJ
fschmidt,fschmidt@osborn-hill.com,i%@9j~AJA^ja=O7
jamesvictor,jamesvictor@gmail.com,/p2].HI|zU
fyoung,fyoung@yahoo.com,"S,J|$<s7hE"
danielrodriguez,danielrodriguez@hughes-robinson.com,"F7,8uM8o3_Rl~6)"
juan28,juan28@patterson.com,DIj<5kK$W
cookdestiny,cookdestiny@lozano.org,}Qz26=$wA~
vsilva,vsilva@orr.org,z1^@G|MVH0m@Y
tuckerkyle,tuckerkyle@yahoo.com,K)1YL62x?
cortiz,cortiz@jones.com,IB19p0`~s1Gzv0
brendawilliams,brendawilliams@holmes-hobbs.biz,uMny-f|f
martinluis,martinluis@gmail.com,0s{bMo6H8[
pfriedman,pfriedman@harris.com,&[~zDq6F`
bakercynthia,bakercynthia@wu.net,;zP:8|r[ox
davisdavid,davisdavid@harper.com,^By%kLKhV@J
joshuabarrett,joshuabarrett@gmail.com,&<mEAh!@>2EX*
matthew36,matthew36@andrade.info,39mb1t5zK)-#m
grahamemma,grahamemma@yahoo.com,->3>$)>$W
jacqueline30,jacqueline30@yahoo.com,")Ann4.?1~>j,1L"
kaylaguzman,kaylaguzman@yahoo.com,|vX0R12rjj%g
lmay,lmay@leonard.com,Fe^MUaWZ5sq!*42
usullivan,usullivan@house.com,?^U>2F.<
laura15,laura15@gmail.com,feOJth+E(
robertlopez,robertlopez@howard.org,yU-0?0]x4ed]4<RC
kellysamantha,kellysamantha@wong.com,c/-@2W95s~V
harold68,harold68@leach.net,68A0x08{`H6HL6
marysmith,marysmith@yahoo.com,K?TaG72V<Z15jt=}
michael09,michael09@hotmail.com,F:jA/p<M|8_%A5(5
athomas,athomas@green-bray.com,;3E3?&Bp!
qsweeney,qsweeney@garcia.com,F!B+zw09Wt9
garciaanthony,garciaanthony@johnson.com,"@0%L,fd:"
tcarson,tcarson@hotmail.com,v2|X~^RV1N5oX1
christopherjohnson,christopherjohnson@cochran.com,-V|FJGyKe$9
amandamartin,amandamartin@gmail.com,",Y4.$9I%$ot"
sandra29,sandra29@combs-simpson.com,?!#oL2sm*
johnsonadrian,johnsonadrian@yahoo.com,c3E-CY2C
sanchezjohn,sanchezjohn@hotmail.com,0z<8*$S?ZYp(nYr
fhampton,fhampton@yahoo.com,Q{TuN4h+c
michael74,michael74@boyd.com,8#2?[5pr7k;/
vheath,vheath@hotmail.com,"YGj>LVGgjD3,7i"
anthonywilson,anthonywilson@hotmail.com,<SkdGOMQ*&9A
lisa89,lisa89@watkins.com,38iWA+IQd
kperry,kperry@brown.com,Irl_6B}k#8~(}6P
rhonda73,rhonda73@gmail.com,04BN2cL3=9C|hig
jonathanspence,jonathanspence@heath.org,rC^1]#Nv|
dsnyder,dsnyder@chapman-gardner.net,"[p,l=acYx:B-5"
jesse99,jesse99@hall.org,&_/PME?0o
rwilcox,rwilcox@bishop-ayala.com,"6*K,tU+RKa#js?"
robertmayer,robertmayer@hotmail.com,"RE?9,.5;xhwxF4Un"
stokessteven,stokessteven@west.net,c&H1kXCMcFi9U99
jill30,jill30@hotmail.com,&70UnJg]w3
morriscrystal,morriscrystal@hotmail.com,t@?IvvY.(A?38
bradleydiaz,bradleydiaz@baker-sullivan.com,w5wr/9Q}-YCoXl
hudsonchristina,hudsonchristina@gmail.com,6d.)<n}9wT#z
dsellers,dsellers@hotmail.com,28~d<E*w
jenniferbass,jenniferbass@matthews-brown.com,c7^l=p?rg5Rv8e~
kevinbrown,kevinbrown@henson-patton.com,>v=l}~>M#ux20
seangregory,seangregory@gmail.com,33#*6!yxBA
gregory87,gregory87@duran-alexander.com,1P_DxvHP1-@u.i
wtorres,wtorres@jackson-mathews.org,WX##cs6>Gr`
jamesdorsey,jamesdorsey@perkins.org,FX7k_1SLl4K)*;Dr
hernandezjonathan,hernandezjonathan@hotmail.com,67h1Xan^3p
kristi94,kristi94@yahoo.com,fQb!KAfMBYn~P
xsalazar,xsalazar@gmail.com,x-X1|5ZO~@Tc5KH
daniel64,daniel64@hotmail.com,up#r6Lp7]
jessicasanchez,jessicasanchez@gmail.com,"O@XB5a,yv?w0"
lowemorgan,lowemorgan@cross.com,"0/,81RfWqU=1rk"
andrewquinn,andrewquinn@hotmail.com,f9Z1K(dBAB|5(@$Z
kimberlymichael,kimberlymichael@gmail.com,7A4OKw[R#
sierra66,sierra66@hotmail.com,"pm<,@w^Vjg/"
shawwilliam,shawwilliam@walker.com,og8p4b2D
zallen,zallen@king-williams.com,+9K3Y*Oi6
vbeltran,vbeltran@hotmail.com,u@x_np=3p!
chelseamiller,chelseamiller@hotmail.com,1:7]DJ`2Eg#5pH>~
johnvaughn,johnvaughn@tanner.com,",|fF&ze0c5?"
williamlopez,williamlopez@campbell-wheeler.com,3UJ;ora9FA?IO
rebeccabaker,rebeccabaker@washington-morgan.biz,"4,LI~~iEZ62@?79="
patricklauren,patricklauren@yahoo.com,lAVe~H(1>hC
leslie74,leslie74@gibbs.org,QL/_KSkcbhwnr
vanessamunoz,vanessamunoz@hotmail.com,#A{IN/+Aq>J
pandrade,pandrade@yahoo.com,n$8X6{`7GtN2JNR4
nsandoval,nsandoval@yahoo.com,>tR&ml[DE
jennifermoran,jennifermoran@yahoo.com,"Pr=%#93#9rW,"
lhood,lhood@doyle-murphy.com,)5JL02Itf(S
rogerferguson,rogerferguson@yahoo.com,]j7b75&]*
oliversharon,oliversharon@grimes-martin.info,N~ua5*v3%d
chenjohn,chenjohn@gmail.com,tm2.vE.CB
vanessaparker,vanessaparker@hughes-ritter.com,50(w:?%JLo
humphreychristina,humphreychristina@harris.info,[u.NKj|%
joan39,joan39@haynes-morton.com,Wz$57fvUi}r
jenniferdean,jenniferdean@cooper-blair.com,(ziQCza0x
barreramariah,barreramariah@gmail.com,4d1$]i#-n2~C/
chernandez,chernandez@duncan.com,)@boKK^5E=r1N;
jennifer40,jennifer40@smith.org,(S>S;q22
barkerlisa,barkerlisa@mcdonald.net,"1}@&,5c8CR^vt"
lopezsean,lopezsean@thompson.info,0ni-:bV9[Hi&fo
fdavis,fdavis@gmail.com,DVE0mmMC?27;o8BW
martinjimenez,martinjimenez@gmail.com,l7|9B/jp]j4]VU#
qsmith,qsmith@fisher.com,pZo2x7-w
megandiaz,megandiaz@hotmail.com,"$z7bZ(T4,u@9"
tranjasmine,tranjasmine@bass.com,djC=LFAz@A
coxkelly,coxkelly@gmail.com,0vSftQ-KeL6.9]
staffordchristina,staffordchristina@yahoo.com,mR72%daPzS=?LO:
timothy40,timothy40@oconnell-duran.info,N5NevuxL+
ryan03,ryan03@hotmail.com,T%h|63k4>
anna18,anna18@hall-parks.com,e8&bmBK-$*g
matthew35,matthew35@gmail.com,vGTftFh&20?*Z
steve50,steve50@jones.com,>!L}f^P9^ao
turneredwin,turneredwin@wiggins.com,Gald~@%^y_h
robertdominguez,robertdominguez@gmail.com,l#18vOR;7XL|kF
rioscharles,rioscharles@anderson.com,MS$]~(r9
darrellcastro,darrellcastro@foster.com,{%oIcZyJz3~^
jjefferson,jjefferson@patrick.com,sQE9;11r
jessica30,jessica30@gmail.com,82VUfJ**HW+F*e
sandersmark,sandersmark@hotmail.com,Wp#ZF`8[HAv
rossmario,rossmario@flores.com,>6#3tHXq2Be
edward10,edward10@fox.biz,#akYpV.v5jKypn<
carrillotommy,carrillotommy@hansen-benson.info,x8UijR+kDc^0
aparker,aparker@gmail.com,a}k/~d^ho
ewood,ewood@parker.com,"xT&f`FN!v1,"
salinasluis,salinasluis@cortez.com,nB9nZ+Fq
peter91,peter91@gmail.com,ZN7zDN?iXFe
athompson,athompson@gmail.com,Ed_g31M8by4_~R
hbell,hbell@yahoo.com,445WO^>K8zmT
sware,sware@gmail.com,x_~Gq2wS-=
epruitt,epruitt@stevens-clark.com,r>8_]IZU`1k/:
susandrake,susandrake@hotmail.com,C$dv.mL]56=:
krodriguez,krodriguez@yahoo.com,JfdKD*6/tM2hP
christophertucker,christophertucker@gmail.com,2)0b}@85IbD19~
hillzachary,hillzachary@anderson-bates.info,"1;eAAX>Tr=]p/,*O"
owensdarrell,owensdarrell@cohen.com,4R@p;93IO~V-6u1D
lhernandez,lhernandez@gmail.com,=UD(6uKzV
mwarner,mwarner@barajas-thompson.com,%V?EY]VWA
osanchez,osanchez@gmail.com,FSv<Z^~K5~H]alNt
rwallace,rwallace@ward-knapp.com,7(K?=]x2YrQ}}
woodkaren,woodkaren@yahoo.com,S8C*}kw:|
iwallace,iwallace@yahoo.com,2:%~LArWg_L[9
sgonzales,sgonzales@reid.biz,4[#1]H/<iY12}P
eadams,eadams@williams.com,xV@;5868b
jennifergardner,jennifergardner@gmail.com,2Cn&o{#KgY07T&!
nicole15,nicole15@gmail.com,+r*i2:1BHSwX$Uqo
riverapatrick,riverapatrick@diaz.com,"{P3N*s7,PJU**E~"
kenneth06,kenneth06@gmail.com,"PY!,b?#enSs=4"
ruben67,ruben67@gmail.com,:gnV6RD5
daniel04,daniel04@coleman.biz,",wniZla(,"
jamesallen,jamesallen@arnold-thomas.com,#5!X0rr3kDpNl
clarklisa,clarklisa@yahoo.com,"G6wx,A`h0X3"
ashley07,ashley07@hotmail.com,G05A6@d2*8!
jenniferdeleon,jenniferdeleon@golden-wang.com,{p2*tqiy88
douglas04,douglas04@hotmail.com,.b#6y4s5
shannonedward,shannonedward@hotmail.com,"AEQlH>D,"
wphillips,wphillips@sanders-hoffman.info,9vqJ0M;/
waltongerald,waltongerald@terrell.com,"^oqhjU],S%z4N68"
julie71,julie71@adams.biz,OcDX;Bl12>7
stephen96,stephen96@edwards.com,IL/`Z8a]0-*U
tcross,tcross@smith.com,p<q=z[<s7=oIL
sherri54,sherri54@watson-schroeder.com,C%$z@3S4&vVWb
churchvictor,churchvictor@gmail.com,F{ljvF@g|U0N]5M
reyesjessica,reyesjessica@day-roberts.com,x&0ks884.80Y7q
tyler41,tyler41@yahoo.com,9N2fT}^.`5}
garciasteven,garciasteven@odom.com,"NVQYrv,Nt"
christopheralexander,christopheralexander@yahoo.com,_RTI7g8`VA.6BX
zacharyfrost,zacharyfrost@hotmail.com,@`g33D/.
vargasdanielle,vargasdanielle@garcia.info,hm6lhD2NO2-isn^I
dianataylor,dianataylor@hotmail.com,<I.R7Vy)uK:8-R
jonesjason,jonesjason@alvarez.biz,w7vj7@47?nJa5w
georgelong,georgelong@flynn.com,0-zoL!Pr7[
ppeters,ppeters@oneill.org,:jl%VJ.SjNh5:8
michael40,michael40@peterson-tucker.com,(as}w!#9=6I70j
shannoncallahan,shannoncallahan@gmail.com,yuYM/y]o29*apW
kathleensanchez,kathleensanchez@smith.net,9=]@}@9&Zr
kbailey,kbailey@gmail.com,AQ(2DI0;:i9ft(
edwardspatrick,edwardspatrick@hotmail.com,~(1?!Pq9$41u{2v
armstrongkevin,armstrongkevin@gmail.com,"1M[2sh/9,uIP"
amanda31,amanda31@yahoo.com,0vn*GmOb4?Lb=vW
sbowers,sbowers@hotmail.com,C6:Pvp-4<_
sgutierrez,sgutierrez@hotmail.com,[t/EGZ0&d5Ob=
jonathanmacias,jonathanmacias@yahoo.com,PaPS57F6F:7%;m
rholloway,rholloway@gmail.com,"G3hgqb=|,$XQJ?j"
christie71,christie71@carter-williams.com,T#O+1z~(36QfK9jv
wendy95,wendy95@gmail.com,}/o6/~MI9IcLu
thomasjacob,thomasjacob@valdez-bell.com,"P},~e2W.).cnZ+2"
christopher17,christopher17@hotmail.com,s@u<5oQjT.2O1
hcurry,hcurry@yahoo.com,SMVVT55qgP6
brownnatalie,brownnatalie@yahoo.com,8o:.(j`1S#]:[b~
christopher31,christopher31@garza.com,*W6s<6q-`J3#
joyceryan,joyceryan@gmail.com,X_EL=7qjTB
jesus53,jesus53@shaffer.com,{i?Kk.8`5`>81eH
anthonyrobert,anthonyrobert@molina.biz,0[`/3Z-97ru;0@9H
shawnrobinson,shawnrobinson@yahoo.com,M&a6c+[*B~F
patrick63,patrick63@carter.com,"?z=^=,t6$d"
avilabernard,avilabernard@burns-thompson.com,9l{#$Qi&R}8
linda78,linda78@hotmail.com,Ggm)-37DzIVC
matthewwilson,matthewwilson@gmail.com,c7Z4MQ9l{&bSWj
wlawrence,wlawrence@yahoo.com,"7*gcQsSJY,g[~ZqF"
mcummings,mcummings@robinson-morales.com,S%RLoQ@n
zthompson,zthompson@young.info,dfDDXu7yN3z
jacobjohnson,jacobjohnson@baker.com,&Ogp#l6Ok;
zcooper,zcooper@bright.com,",/L-Ro/W0)}:"
ibrown,ibrown@manning.org,bs/t$m:G}gI7
sarahgates,sarahgates@hansen.biz,;-Q)_K:{r
alan34,alan34@miller-diaz.biz,d$0c%I6b>C
frenchrichard,frenchrichard@hotmail.com,"V+W4euj6y3,gVQ"
hokristina,hokristina@yahoo.com,t+)Kf2/|6`WtH
jessebrewer,jessebrewer@gonzales.info,mZ61ZK(0J45Gn
rhoward,rhoward@love.info,=;PN74e$2c
spencer66,spencer66@hotmail.com,87;Hn>X)S%N1I>PP
pporter,pporter@acosta-cooper.org,[f&)lxrZX2qVY
kristi86,kristi86@yahoo.com,kS[A`KSzx)L9il
franciscotanner,franciscotanner@yahoo.com,Z+y!g9VGQDl:B60
powellglenda,powellglenda@jackson-anderson.org,09c!bGCQU(
amygarcia,amygarcia@hotmail.com,g0k<{0.9-a
brittany02,brittany02@price.com,Nof{<*?#6t
wpalmer,wpalmer@silva.info,R8A8hJy+%rs
lwatson,lwatson@silva.com,(Rv4d[YJy$Lb
donnarollins,donnarollins@hotmail.com,/#W^a^9prot$)`O
rodriguezjoshua,rodriguezjoshua@yahoo.com,use98E2^^ET
deborahthompson,deborahthompson@sutton.biz,cp*S&47*{32Q2&%X
clarkian,clarkian@humphrey.net,5_P98=Ak3`
christophercox,christophercox@hotmail.com,~b.9q?GaY|u049>
kimabbott,kimabbott@le.com,"-7=UDiDm,8%}"
khooper,khooper@ramirez.net,"2,nm#!m{ByN];l)"
smitherica,smitherica@yahoo.com,J4!r<NS{4>
gonzalezkatherine,gonzalezkatherine@hotmail.com,UB^bzF4ek6.a
emma19,emma19@hotmail.com,"zd4|l=|D,]"
mooreangela,mooreangela@parker.info,tG;}]O31Wf
william06,william06@bishop.com,N61vv{9Br5`Z2SQK
lauragonzalez,lauragonzalez@gmail.com,"$_6^sS?,`=n+]"
brian84,brian84@miller-spence.com,@FZ67avk
youngphyllis,youngphyllis@huffman-mitchell.com,;aR{x2vlHGvpk
kimberlyjohnson,kimberlyjohnson@patel-taylor.org,k10AKN=yM+>1
washingtonshawn,washingtonshawn@patterson-duncan.biz,6zd->KRFW
desireefoster,desireefoster@smith.com,9Ok-L7Fms)_%
riosbrian,riosbrian@gomez-smith.com,74_3^m#>
rjones,rjones@hotmail.com,hA2`/$l5y9E47M
lloydmichael,lloydmichael@miller.biz,5}304r$Jq
pwallace,pwallace@yahoo.com,SJ2za/0E
krystalharris,krystalharris@yahoo.com,>7Pd5E[lgag}xw
wlee,wlee@hotmail.com,<_O)6bV4~D
brandi16,brandi16@schmitt-marshall.biz,~j%9;%L8{#q(7
hartmandiane,hartmandiane@hotmail.com,6q#Zmv@V#w$1
tpacheco,tpacheco@bishop.com,$/D^^2}Su|Fey}ng
ajones,ajones@hotmail.com,6q@B40+9Kwu~x8
qarmstrong,qarmstrong@gmail.com,%|uq7{_|3!qj8
snyderaaron,snyderaaron@schultz-hawkins.com,1flh0A.r}J!-9
reedchristopher,reedchristopher@hotmail.com,"{@bn,<w&J}4~_<M"
georgestewart,georgestewart@hotmail.com,",;;Pl(RG846J"
heathercruz,heathercruz@hotmail.com,2Rg>nQb5a99]
stanleyperez,stanleyperez@terrell-lewis.com,"`^W22>s&Uj3E,o"
velasquezlaura,velasquezlaura@gmail.com,1wg7SYmAPM&;44
victorcurtis,victorcurtis@hotmail.com,lPve*9J4D.p~$Vd
qmorales,qmorales@baldwin.biz,N1$^Dan2Sxhy6
susan16,susan16@yahoo.com,)nx(+38c3`n@7VC*
tanyadixon,tanyadixon@cortez.com,|0b=(t`a=?Z2A@}
contrerasmegan,contrerasmegan@williams.net,.uJ%#)-1N~=
zgraham,zgraham@gmail.com,-=_aug4lt_TuimPd
nbriggs,nbriggs@hotmail.com,I*]~W{-922&
snguyen,snguyen@gmail.com,k>Dq-VE!p^9O4~/#
angela38,angela38@montgomery.com,",4@0xA12O38]EZ"
robertdoyle,robertdoyle@hayes.net,n6g.#{@B
adamsthomas,adamsthomas@hotmail.com,5FWlRu8u;YxA}0
hmathis,hmathis@gmail.com,di=2&.c^88u
moonryan,moonryan@yahoo.com,Rp?O5<tcu{4Nt
hillsarah,hillsarah@gmail.com,n+d&7@QG:7P
fullermegan,fullermegan@sanders.com,:;|Dra3-n3
dwilliams,dwilliams@ford.com,G!4*k:s@t092>
greerrobin,greerrobin@hudson-fields.com,qMQZ98%O
charleshughes,charleshughes@hotmail.com,{E.l9r<NZ$1|N
john20,john20@herrera-sanchez.info,4p+86d~K_Gv]u
jennifer19,jennifer19@lynch.net,4eq8s=aJ~k*lwi:E
anthonyingram,anthonyingram@patterson.com,Td*p;*s5
rraymond,rraymond@gmail.com,Sq3{{Yk4
matthew30,matthew30@doyle.com,p=!V@Hhm[eG6~
felicia74,felicia74@cooley.com,Pk42e0d/
rhayes,rhayes@hotmail.com,B3&EPjN_4Z
robertsonrobert,robertsonrobert@yahoo.com,0FS/^Z#alNrB@Z1
mfranklin,mfranklin@yahoo.com,3IvfwhT!g:-~^0S
fblack,fblack@mann.biz,5>S/ok+/48
jose33,jose33@murphy.com,"9@6,>Tj|c}gONP"
petersenmichael,petersenmichael@gmail.com,(u=zK-412PU<4z
gonzalezpatrick,gonzalezpatrick@contreras.org,!zG5eqSE|0P*
qcook,qcook@yahoo.com,52>8*9J~*lvmt$*
christinavaughn,christinavaughn@hotmail.com,"13%F,4ZfLWs.7qWj"
thompsonandre,thompsonandre@blankenship.com,&/bA%9d0~MwMp${s
montoyakathryn,montoyakathryn@torres-anderson.com,bL%*x|B(GMp
gregg99,gregg99@gmail.com,&;XW(b6.7TQfU@^
cwillis,cwillis@gmail.com,"ZK?qS1,0^&)9`F"
fdavidson,fdavidson@yahoo.com,K2pVvZ@So@2
jonesricky,jonesricky@gmail.com,x545Q9j44sg8boN2
uwilson,uwilson@patel.com,"O{&,v@1=@"
sarah65,sarah65@gmail.com,>ci8;3i8?
patrickdavis,patrickdavis@hotmail.com,~frTDGK:7Z
shawandrew,shawandrew@hotmail.com,HB02j!iD+
lori03,lori03@hotmail.com,PblA=vfvM:h
morenorebecca,morenorebecca@vasquez-ellison.com,2>b;[b6QI
delacruzralph,delacruzralph@yahoo.com,4Y10VY$8
hquinn,hquinn@moore-hahn.com,[N-G7:w}rRkse=
hcasey,hcasey@smith.com,Ju>6X-1#hy(MT-:
gterrell,gterrell@alexander-hobbs.com,0>ra8HdM9Qv[;
kcurtis,kcurtis@moody.biz,@@7{v8F^M]:p$
sandersmichael,sandersmichael@roberts.biz,E3[f]N0;MO4}cGa9
xlambert,xlambert@gmail.com,Gp9F#8Fvc
jeremy87,jeremy87@gmail.com,#v4`?Ph#^6
amymartin,amymartin@yahoo.com,Qxv!u?3B32JT<@
fhendricks,fhendricks@tran-rollins.com,2{T9k<}r
jordanamanda,jordanamanda@gmail.com,p>*)jB[s#9~q+8L
zavaladaniel,zavaladaniel@hotmail.com,C[f/>#RdXd7IMY
mhicks,mhicks@gmail.com,1@9P)}P(.*H6
aliciajenkins,aliciajenkins@boyd-taylor.com,[3U|>NN)9
elizabeth47,elizabeth47@ramirez.org,=YOM-i7CA|%([
cheryl46,cheryl46@willis-burke.com,"Y$p96r&y,MU3Hy"
brownanthony,brownanthony@bartlett.info,1*V*5lsvno
raymondblack,raymondblack@flores.org,57^8aS4IwL
matthewzuniga,matthewzuniga@hotmail.com,z9nh&L9DHY5o=FE
amyfrye,amyfrye@smith-oneill.com,wu76j9yPL
stacy83,stacy83@hotmail.com,IDo+D+NHv)5y
heather23,heather23@figueroa.com,ZK7Z)uzO
stoutpaul,stoutpaul@jones-davis.com,ix^376]}HGk;
ballheidi,ballheidi@valentine.com,SF$i7w04
kennethschneider,kennethschneider@brooks.com,2Y29jm18_+3&TWg
nicholassweeney,nicholassweeney@hotmail.com,eX^&v1#7D
benjaminmccoy,benjaminmccoy@hotmail.com,+]qe[Wmwl)H=
bridgetlevy,bridgetlevy@garcia.info,~pAtz|Z@v8
sandovaladam,sandovaladam@hall-stewart.com,ZU!3K}O1!P#
michaelrandall,michaelrandall@arias.com,2@C$|+V.K5*G2Q
jeremy57,jeremy57@pittman.com,8TeL6D:^<
brittanyreilly,brittanyreilly@hotmail.com,9@239lxc?5wEb|`E
rocharonald,rocharonald@peterson-casey.info,L8D9j{#&G4
amy06,amy06@hotmail.com,#79-9@MdkHbZiV%0
andrealee,andrealee@perez-stewart.com,p^aaZG47
nsmith,nsmith@gmail.com,"B3R6}vNelK3Q7%,"
kingmatthew,kingmatthew@gmail.com,Dj6Z]6Y4v~
woodlance,woodlance@gmail.com,j5R{M[mi7ZFv;=5
angelaellis,angelaellis@barnes.com,T-_imD[2U#D%f`B8
christina77,christina77@gmail.com,"heTut%S)W,f<D8v9"
colesarah,colesarah@gmail.com,rqY}35t5
cfrederick,cfrederick@morris.com,5gb[@x?v
jordanbrianna,jordanbrianna@yahoo.com,6Jc^IsD]Ck
adam79,adam79@yahoo.com,5?VH2.[0d
mackwendy,mackwendy@gmail.com,"{X<_w,X8i_3"
gary03,gary03@gilmore.info,GoS1*s96%o^-;:2?
gregory05,gregory05@hotmail.com,Wm:cF9HR
rodriguezjerome,rodriguezjerome@hall.com,Sw9/UOm|~k50!b2
james93,james93@davenport.com,"4rjVK<3,"
denisereese,denisereese@warner.org,bQ@C>p3($3^
mccarthyjose,mccarthyjose@blackburn-harris.com,(8D5+hH+
angel17,angel17@hotmail.com,474wgl9-{WHX}
jenniferbuckley,jenniferbuckley@byrd.com,l)m$@GBGz[u[1Z
chrisjackson,chrisjackson@sims-moore.info,P))1%p#We).qh
jacquelinejacobson,jacquelinejacobson@yahoo.com,=rKSZ$9DAN(X
samanthaenglish,samanthaenglish@gmail.com,!uz^6U4EuveK
amypeterson,amypeterson@lamb.com,/%*eTh=90=^3
tranaaron,tranaaron@gmail.com,"AD(WvJb,Iyc]"
rachael23,rachael23@brown.net,E_>F_B41I9
wroberts,wroberts@hotmail.com,"jIl,Yf,nEDD"
julie31,julie31@mcmillan-hernandez.com,G[q(clI/!
john19,john19@simpson-nelson.biz,Qg0yI1yCwv(
whitedavid,whitedavid@hotmail.com,5)Ob6^E$^9Bg0H
howelltrevor,howelltrevor@smith.org,(E>9G<$Oo8G
wendymiller,wendymiller@nolan-calhoun.com,d;PLL/bI<@9@
millervictoria,millervictoria@yahoo.com,zHU54y&o.s
stanleymendoza,stanleymendoza@hayes.biz,F9V^O?Y{S
brendan70,brendan70@flores.net,^oGlZ:J`Gt
estrickland,estrickland@gmail.com,gsp&@Tp<l|%f
rbrown,rbrown@yahoo.com,u0W;`g#-0{9!me65
trevorturner,trevorturner@gmail.com,hbi1(*.l6_|)s;<
brittany36,brittany36@smith-franklin.net,"EbPBbr,3[5f"
brenda89,brenda89@yahoo.com,0N?:q$>UEcf3UW4L
joshuabrown,joshuabrown@gmail.com,0q^|=v)/LnOL
justin97,justin97@yahoo.com,*:^D!$1Z?P7W_1A3
jameswatson,jameswatson@barnes.com,TeJw:Bcf^ZSR(#
christopherwade,christopherwade@yahoo.com,4p>3C7uv5+-q7^x
joanna89,joanna89@hotmail.com,%{R6I;A459b/`~H
stephaniewiggins,stephaniewiggins@griffin-pacheco.com,*UDcT8Q~50t9
william68,william68@hotmail.com,K|c^iWoHBZ[U:sQ
ebony34,ebony34@stewart.com,~84WD9Ok0n[^
hartelizabeth,hartelizabeth@evans.com,|@MrW7/s1R_1:
kcampbell,kcampbell@yahoo.com,"x-,5DGt&[|Kn~"
kaylarich,kaylarich@hotmail.com,;.7`n8$qIw(
williamgonzalez,williamgonzalez@gmail.com,boUD`c01<I8
karenfrost,karenfrost@willis.net,b$y>z&*B
alexabarton,alexabarton@russell-garcia.biz,tQ0]P3btr
williamsphillip,williamsphillip@hoffman.biz,L(5q0g2q~k@3Z
adrian51,adrian51@yahoo.com,42P8wX}K9J+
renee24,renee24@gmail.com,w.&!_/jjRgi0j
jonathan35,jonathan35@yahoo.com,I*j!5}XV=xFVq
jacksonbrian,jacksonbrian@lawrence-james.org,p5W2*Ob3V
peterturner,peterturner@gmail.com,T]7/G+E|60pu@Na/
williammills,williammills@malone-alvarado.net,qi!SZ6]0
dvincent,dvincent@parker-bruce.info,rU*Lv:;~8[Mgl~
john03,john03@harvey-james.net,Y?_aND?1tVs<6M
michaelsparks,michaelsparks@johnson.org,K1C3_0#5
isaacking,isaacking@gutierrez-woods.com,?;+=~C)KPuA
ejackson,ejackson@lewis-wong.info,"Hraz4.t,5U0IO6"
james77,james77@hotmail.com,pA0YM/T.kE
evancohen,evancohen@yahoo.com,"<XN,tFY,7^7"
brett46,brett46@brown.info,o$m_bZlXf^nG3:
larsonbenjamin,larsonbenjamin@gmail.com,GRzSBUqODf3
laura97,laura97@hotmail.com,HVdiV06M>Yg8vDL
sandraperez,sandraperez@williams.com,`n8<lvr=5;L
callen,callen@king-thomas.com,9RnF{M2)0!<ad`C+
sanchezjacqueline,sanchezjacqueline@yahoo.com,$Qk3sAyc
erhodes,erhodes@ortiz.info,",*mGv|._fbA6"
joshua74,joshua74@yahoo.com,68tA!}gEaAq
hunterpatrick,hunterpatrick@ruiz.com,P@)8Ia&4ug8#^
aarmstrong,aarmstrong@gmail.com,_iD8H$42!40Wt8]
watsonmeagan,watsonmeagan@yahoo.com,*1ub(L_iW3
lharrell,lharrell@serrano.com,x#VSjRbiV59BU
cindy04,cindy04@lara.biz,Lw7#T2xR
rmiller,rmiller@williams-wilson.net,N{MvFB0Gl
deanna47,deanna47@ruiz.com,wL<hZ#i4*t
qgarcia,qgarcia@pugh.biz,"b/$*e]-W,H"
stevensgary,stevensgary@gmail.com,.}s!Xm9H`%c
brandon30,brandon30@rowland.net,b4tuu3+D0*CQU
robertjacobson,robertjacobson@harvey-hamilton.com,W}YT@AxpgMgVy
rossjustin,rossjustin@hotmail.com,"R,lS|{N120Xj+"
ericalindsey,ericalindsey@hotmail.com,4>.+?T4N_2)VE
cindyarnold,cindyarnold@gill.org,<tBbkgDb4$Z$6+(v
millerjames,millerjames@miller.org,8;$P6N4D6[S+2d
dana66,dana66@yahoo.com,F715LI04
rwatkins,rwatkins@gmail.com,Bl9d.c5*l1?c
kimberlywade,kimberlywade@yahoo.com,M-&Y}Qir
kennethgeorge,kennethgeorge@cox-rogers.com,^@&RuMNf$IQj
rebeccahess,rebeccahess@gmail.com,1J-~S!t%2lZ9.P7
pedwards,pedwards@jenkins.com,YbUWkRmk
angelicamoreno,angelicamoreno@glass.com,"&1H,UT#%"
brittany15,brittany15@gmail.com,sqBZ4d8$
kcoleman,kcoleman@smith.info,x4/kFXW]4+e*3:
bobby86,bobby86@yahoo.com,"4MWGx~B3fS/3E>b,"
henrythompson,henrythompson@myers.net,v-|7T/}2
williambennett,williambennett@nelson.info,b0Q2Cix5Z2B~@G
madison44,madison44@yahoo.com,|8yH4R24iVqy
tanya77,tanya77@owen.com,5=*4{LLJ<:R
tiffanywoodard,tiffanywoodard@gmail.com,{Wm32_|/2wvr8?Q
jack28,jack28@flynn.com,PEg@<W4yg@08c(%2
bowersamanda,bowersamanda@hotmail.com,t)subZM{3lQVd
justinware,justinware@vazquez.com,Pf?6=1%OEmp
patriciajohnson,patriciajohnson@davis-oconnell.com,yPJj+`co#W291r5&
mmyers,mmyers@gmail.com,VMi<18xmmU!3ZYdT
paul03,paul03@lee.info,qKm06pD%y{scW(M
parkerjennifer,parkerjennifer@farrell.com,</*gm1tfkp|I*7EZ
laurafowler,laurafowler@hotmail.com,{B}GnxZ:=
michael51,michael51@erickson-mullins.com,E$z{*06k
townsendivan,townsendivan@miller.com,_y65CO3+54`R
rgrimes,rgrimes@perry.com,">HJ7g79,L"
daniellelucas,daniellelucas@yahoo.com,3r18/77ml
wendy04,wendy04@gmail.com,pG1`:zy)-WFqTbI{
sheltonpatricia,sheltonpatricia@ortiz-smith.com,"+z[H!Wc,R,)"
saundersbrian,saundersbrian@gmail.com,XW4|dW5=j
josephbuchanan,josephbuchanan@smith.com,6267#?3X4:BK
wongcaitlin,wongcaitlin@holmes.biz,NI55GXL-
cynthia40,cynthia40@yahoo.com,CRVwo7cNpW)&2P
william26,william26@gmail.com,"%#zbGg1oo5G,"
robertsjeffrey,robertsjeffrey@jensen.org,_}}nOLh}Z
jacqueline78,jacqueline78@holland.net,PmAq5aY3d
tjimenez,tjimenez@hotmail.com,"544g7eqe,{"
ginapayne,ginapayne@yahoo.com,">l``Wc}<09ey6,n"
karen38,karen38@hotmail.com,L6s87@@-i8
fhall,fhall@hotmail.com,b`3wjQ6S863H
yolandamills,yolandamills@richards.com,o)`<Gg_9Xwq3
pkelley,pkelley@hotmail.com,YP9D+4JR681f0
jamestammy,jamestammy@montes-goodwin.com,rhSWX7zr)3?3
xbrown,xbrown@gutierrez-ruiz.com,g5dcmRJ.2%93
michael03,michael03@hotmail.com,Kpq)cE8TJg;M.p
wharvey,wharvey@hotmail.com,]}|:qPAm$+-NU
michaelbarron,michaelbarron@freeman-alexander.com,pl9DU1U(E8L
agreen,agreen@shepard.com,7O;nC@xq731L90
hjones,hjones@burch.com,V19jMf&4CY@Sl
sawyerparker,sawyerparker@yahoo.com,F!-9$FEF4
philip95,philip95@parker.biz,5.&_%LP{/x?@WP
daniellecollins,daniellecollins@meyer.com,27/zxEL-<
donald54,donald54@yahoo.com,65hK62}9z?W`{9s
bmoses,bmoses@ramirez.com,5|E?fV.D)VIE$`]
james57,james57@diaz-jensen.com,",NTv63l%V0"
chelsea70,chelsea70@yahoo.com,B1Q-^@E_2^
clifford04,clifford04@yahoo.com,v^qfw42lw}j+?SB7
albertwhite,albertwhite@gmail.com,}Z=KA0vc[T
amassey,amassey@hotmail.com,X#$;:ws3c^5Rz3
buckmaria,buckmaria@hotmail.com,8282Y884%|+?w
stephanie94,stephanie94@horn.com,4yu>HltWwnq
hernandezmichelle,hernandezmichelle@hotmail.com,So2?881U~!_
jaustin,jaustin@marshall.com,o>.5kr<C=16Y^*Lg
valeriecummings,valeriecummings@hotmail.com,5<}tVB58w$9
connor61,connor61@yahoo.com,majqC68<@_
sara85,sara85@johnson.com,|[r[8|rMEK
lhill,lhill@gmail.com,Brk28]HF^;7
sanchezcraig,sanchezcraig@yahoo.com,6^2zjhmg]C8B2/
jonesaustin,jonesaustin@moore.info,z;-H7NoUljNnP
mmiles,mmiles@anderson.com,iI6Y{m9^B
williamswilliam,williamswilliam@carter-garcia.com,|`6ic923<Y`183
grace75,grace75@wong.com,"2dSS,L2k5Wf"
jenkinsvictoria,jenkinsvictoria@hotmail.com,VQ(~n3?U+%Gh8:#i
lynn08,lynn08@james.com,@[Larr?#yx4
cbautista,cbautista@hotmail.com,jYl9R5(h*JMq72.
claudiaphillips,claudiaphillips@hotmail.com,5-y4S{)0g
jamie29,jamie29@hotmail.com,`kBQn8JH1rW
charles61,charles61@henson.info,rz*~Oe+9hi-
svazquez,svazquez@carter.biz,!(<&g`go58v6Sz[
melissa83,melissa83@jordan-gordon.com,R7+M{6NX<?i.<}`5
kylelara,kylelara@gmail.com,5GKb5U60CIN
aedwards,aedwards@hotmail.com,U9a1v!gr=
michelle97,michelle97@gmail.com,=6-Na6)37Omifs
eweeks,eweeks@hotmail.com,"mC9$P|1x86h,Z5W"
zacharymcmahon,zacharymcmahon@ball-miller.biz,H8;GK(+S8@
gadams,gadams@anderson-alvarado.net,"uKY,&61K"
ricardowilliams,ricardowilliams@moore-brown.com,Ld!57k14
roberto19,roberto19@lewis-brown.com,s>ie{elGREK7
knorton,knorton@gmail.com,73U?39-t44$X`e=
tuckerjeffrey,tuckerjeffrey@romero.com,%Kj[kBW&sHB
martinezsandy,martinezsandy@armstrong-cole.net,i%JFHrif-Q
osanchez,osanchez@yahoo.com,P#208};]6p3
danielle98,danielle98@gmail.com,`)3A&5.329H>&`
hannah58,hannah58@gmail.com,!qbxG}Xhlp&_8|Y
alexis46,alexis46@gmail.com,rg*|^D-ZO
michaelhunter,michaelhunter@lane-mcgee.info,s(6Qhh1q9;
ysalas,ysalas@yahoo.com,Kw|)W4a(0}#)
harrellelizabeth,harrellelizabeth@yahoo.com,7brmo7q<SuX8)
harrisbrandon,harrisbrandon@hotmail.com,])Ozht;6}$;8
fosterkatrina,fosterkatrina@hotmail.com,[x95Xwe9QZ
tsmith,tsmith@parker.com,v%qQQUoXuq.8m8kX
heatherhurley,heatherhurley@yahoo.com,8P[uHI!J5
matthew11,matthew11@foster-moran.com,TXynnTCc!<[*q
kaylamccarthy,kaylamccarthy@gmail.com,"QA,;2fgCP"
andrew27,andrew27@patterson.net,J5~HZTZG7
marissa35,marissa35@gmail.com,F#&~{DmM!`2
robertcohen,robertcohen@mitchell.com,"Z9mdmq?:2:&o,1"
johnhendrix,johnhendrix@gmail.com,DS4PI7W0e3fY
john25,john25@hotmail.com,97[98Cwp662Y^8
mccarthykristina,mccarthykristina@yahoo.com,/#X03oFZ
fnguyen,fnguyen@moreno.biz,vm5N2>4~3
kristen08,kristen08@williams.com,4q98yxqMXyTo1kn
ashleyjohnson,ashleyjohnson@gmail.com,xg7d;ECbZOO
josealvarez,josealvarez@yahoo.com,+`V3<T16R4_z}
mgonzalez,mgonzalez@armstrong-neal.com,!$mov%YVZ>1Pz
christopher01,christopher01@miller-johnson.com,{pD26e!5q1ip
jford,jford@gmail.com,aI/N-d5}h)
hmiller,hmiller@simmons.info,3GRQ&3_N0
robertsonrobert,robertsonrobert@lang.net,7I<)bd.WGM1$
astone,astone@ramos.com,u2M0V2?e
merrittkimberly,merrittkimberly@hotmail.com,.ui;#6Ex};
amanda78,amanda78@baird.com,"#,]sG}K#t>:l"
robert98,robert98@owens.com,]WCEs.YV3(0p
lspencer,lspencer@pierce-morgan.com,`1QD&w23!e}I2150
joshuamiller,joshuamiller@sanchez.info,;[#M.P%+GZy-
cheryl57,cheryl57@hotmail.com,!~9;3I+hDqkPl
xvaughn,xvaughn@frank.biz,F?n16vk6.7Oc1)H+
hannah15,hannah15@gmail.com,Q[n|o.!=e1WcX
rachel38,rachel38@jenkins-meyer.com,1:(2QijjhW-u`G
gregory00,gregory00@martinez.com,S5+1+@8D
brandy75,brandy75@gmail.com,O!Q&lrlI.
rebecca94,rebecca94@hotmail.com,78<5vqbi{K9/jRN8
angela88,angela88@gmail.com,6l=e7xT)If
nroberts,nroberts@yahoo.com,0Y4gT7JKoP!
markthomas,markthomas@yahoo.com,u&F]|:21+N4a3XR}
michelle21,michelle21@velasquez.net,-6(0*Y>=
lopezjeffrey,lopezjeffrey@patterson.com,<m_{.XE?]
dianamorgan,dianamorgan@hotmail.com,g81aV3vu.KRw
zlee,zlee@smith.com,<!SL(~8xXfl
spowell,spowell@duncan.com,WCUot87c
taylorjustin,taylorjustin@padilla.com,f?_y9BJ(p0CdIE
wrightamy,wrightamy@scott.net,.Hhh.(NAt0pG2vV%
rnelson,rnelson@yahoo.com,-*0=3<iHiGr9TC9
castillorenee,castillorenee@gmail.com,{?@L#|yLP9d{f)8@
lori39,lori39@yahoo.com,C6tDKAvLx<S0Mlk
bperkins,bperkins@yahoo.com,hrl6X5F1zUo!?~
rwilliams,rwilliams@hotmail.com,Z51G4w]1pzW2$L/
antonio20,antonio20@hotmail.com,5zB0Lj(5+J]$
kristenfranco,kristenfranco@yahoo.com,",,9eoFd3vpLJY"
allison32,allison32@hotmail.com,"27kTpK,Gg^&^D"
cynthia04,cynthia04@hotmail.com,$YA24-^:<
jacksonjoshua,jacksonjoshua@stafford.info,])sU<8Y@bCe15
johnsonlisa,johnsonlisa@ferguson-dickerson.com,^G`MU|_HXVc+0t
flawrence,flawrence@perry-johns.com,wh3@~-tAJQ4K#@
nmiller,nmiller@duran-reed.info,_~$ju@TV
normanjulian,normanjulian@martin.com,$13Be)U-
wayne81,wayne81@hahn-chavez.com,*e4>nEE|r5u:27]
ygarza,ygarza@yahoo.com,.g4VG78uxv_$3#S4
ellisrebecca,ellisrebecca@graham.com,oQ6`.~bQ|9VQ
erobbins,erobbins@miles-white.com,:Ba^5dg+>&
nathan20,nathan20@henson-yates.org,o[2n$Qqs32<=:8
darryl09,darryl09@johnson.net,7e?>qlo-x%&D
brandiwatson,brandiwatson@hotmail.com,"4},Jn{#b;4L"
mlyons,mlyons@martinez-jones.org,"8,Mu6(h6Z?:4"
cabreralaura,cabreralaura@white.net,c]1>.Sfj@
nbridges,nbridges@russell-robbins.com,.2Q2D1eC^5q++n`g
flowersdeborah,flowersdeborah@hotmail.com,vp8v0xZl?0J
hermanrobin,hermanrobin@yahoo.com,5XF/8U-]zk<>x5
stephaniesanchez,stephaniesanchez@gmail.com,!Vi1]R{eS9z
jprice,jprice@lynch-chung.com,*-cU29e|
samanthajenkins,samanthajenkins@yahoo.com,7TebFn_K0Gq!
patriciacarter,patriciacarter@davis.info,.T8bI2[|yeTTaMA
jesse19,jesse19@williams-ford.com,"[s,6((N306"
michael26,michael26@yahoo.com,5T-#9U]S{-GjEi8x
sarah06,sarah06@hotmail.com,vt<u]jW1
dvang,dvang@hotmail.com,"4u=1,FU~Kdfq1h"
aguirremiguel,aguirremiguel@allen.com,7d478lP9?X?q
michaelwilliams,michaelwilliams@jackson.net,i{kJplPc+`-{
andrew77,andrew77@hotmail.com,4uH{Kp7gMC8OWh
richardlong,richardlong@hotmail.com,(wN7bICk>#
brooksvictoria,brooksvictoria@burgess.com,uLlt~+mv0G7L44
alyssa11,alyssa11@gmail.com,51vL_o1zJ]j*E_N
brittney34,brittney34@yahoo.com,7ix65rUjOd6M2r
ogaines,ogaines@yahoo.com,P~KsKt1j<<:k%
shaunlowe,shaunlowe@yahoo.com,B-:Q[;qIj
boydlisa,boydlisa@yahoo.com,d4iVCY({Pj
christinecross,christinecross@poole.com,M?JjBJ^-*V
brian56,brian56@richardson-kennedy.biz,CH*>`KD14qC[cy?Q
rachel81,rachel81@gmail.com,9:d9:AeyIB
aarongilbert,aarongilbert@yahoo.com,`ola<zi43yB
wkelley,wkelley@yahoo.com,7DhOZ!`cLMMMz+
melinda01,melinda01@brown-johnson.com,5#8(G-gRRxp4nK
toddelizabeth,toddelizabeth@hotmail.com,c&{g:4FK8
williamsbrittany,williamsbrittany@hensley-bonilla.com,RZ^$)*264m2TC
lopezjames,lopezjames@jackson.com,dvH864*|C-
myersjeffrey,myersjeffrey@potter.com,(N}2~f9OK@
breannaray,breannaray@gmail.com,"u$`2sT,7B"
andrew34,andrew34@watson-jones.com,A48umfI0
hughesdavid,hughesdavid@fitzgerald.com,"14}4w_,hjpg"
benjaminhunt,benjaminhunt@calhoun.org,q^(|24[S
burtonbrenda,burtonbrenda@woods-benson.org,f^<hfrPe&d?0
leonardterrance,leonardterrance@gmail.com,H9*Y;s:b
smithpatricia,smithpatricia@hotmail.com,7.r^(vp1@]OHcQN
clifford15,clifford15@hotmail.com,xdWSX96M-!8
wgreene,wgreene@ward.biz,<43m9!xM)lcl4i
pjackson,pjackson@hotmail.com,+fzl1s3Ura?^c{03
youngelizabeth,youngelizabeth@gmail.com,+7@IXMzWao
johnstongina,johnstongina@hotmail.com,aI1Mb{tTG
bbailey,bbailey@schneider-hall.com,t|gc+#nnk/C~ywh4
calebhuang,calebhuang@yahoo.com,0Ci8|M2mE_dH9SCb
henrydavid,henrydavid@hotmail.com,~=zH5J0a&VH%
dshelton,dshelton@butler.info,fu*=/obF$
davidthompson,davidthompson@yahoo.com,V<D8^bJRsj;3:~z
whiterobert,whiterobert@smith.biz,"-{Cem5q{lR,m#7fo"
julia22,julia22@hotmail.com,I7UokaN4^
dorothymiller,dorothymiller@gmail.com,3qyWI7(~%%|4+$$
gduran,gduran@gmail.com,w?t3?Z4h)+Z@B8
nicolewilliams,nicolewilliams@yahoo.com,O&$.p-os5M$dg
hector48,hector48@strong.com,"O75,IrTS-|:|fp,%"
kellydiane,kellydiane@hotmail.com,lgklb{96(wKp
collinwhite,collinwhite@thomas-flores.biz,3*Q#%n=4SPe*
garyflynn,garyflynn@collins-oliver.com,16pTr(-9e>c7
sfuentes,sfuentes@robertson.com,"K~,]xCgM}Ad"
lisa44,lisa44@hotmail.com,$83aGNm.4
jerrywalton,jerrywalton@yahoo.com,9q6164c0w
angelabarnett,angelabarnett@bates.com,:Q8ils76=
nicholsluis,nicholsluis@yahoo.com,_aepdBZQK-R80h
juliasmith,juliasmith@wright-williams.org,am10Z82dPi*1HK
clarkcynthia,clarkcynthia@gmail.com,"8Udq4,(Qr6DE+z=3"
jromero,jromero@gmail.com,C09WyB3duTuy{lP
heather10,heather10@hotmail.com,sd:1s_qT}0<yL
banderson,banderson@garrett.com,BBq/IL3]H4Vx0
cartercarolyn,cartercarolyn@benson-cooper.com,gfwv||#m{^mY%
acostaraymond,acostaraymond@hotmail.com,N<z81!tW
hmurphy,hmurphy@gomez-sullivan.biz,G7*C(H2U9U?QHsFS
ericbailey,ericbailey@dickerson.info,7PMZ&>n3
megan35,megan35@gmail.com,(VgkT6@151F:N5
julie64,julie64@hotmail.com,?n)EJ!gw^E^77
josephburke,josephburke@gmail.com,S/;XQ7n&lH</ah
millerchad,millerchad@reed.com,`H3M;8tawKJxB1^9
morganjohnson,morganjohnson@hotmail.com,I^GuwS7M2{|G
fquinn,fquinn@gmail.com,J.58!~aK==L(S7Ao
nwade,nwade@yahoo.com,O;3$$1u^
lauren06,lauren06@gmail.com,@$(8<3-?@R
lawrencewarner,lawrencewarner@hotmail.com,d#7}h[q0p+yC&QV
smithbridget,smithbridget@shea.com,"DLo4F,rX7Z1"
katherinewoodard,katherinewoodard@gmail.com,>S|KqD1()I
gsmith,gsmith@lutz.com,i09$;TYQ}w
emilybass,emilybass@david-thompson.info,"KYABPZ9mHAo3,0S1"
james29,james29@escobar.org,%9~2:fsAeF4
mary97,mary97@tran.org,/|QQzU0v/[([rW
jennifer13,jennifer13@diaz-fitzpatrick.com,s-f=[u8:=
sandersashley,sandersashley@gross.biz,>ppe%5cMI/td>x6
mallen,mallen@vazquez.info,0j;U5xig
scottspencer,scottspencer@gmail.com,QgPWJ8@15.g%0&7
brianfrye,brianfrye@yahoo.com,#v21L{w#;_0
tayloralvarado,tayloralvarado@montgomery-humphrey.com,3/&g~lE@7-q`_
haroldsmith,haroldsmith@hayden-ramirez.com,8I^b5+S;
carol74,carol74@yahoo.com,",V]ofa>at-/vv7"
brianmcneil,brianmcneil@pruitt-johnston.com,zly94F[*(qJI6
wsanford,wsanford@hunt-west.biz,7H`x$>73
ydean,ydean@gmail.com,d*>2AoJs>]Kui/
bkaiser,bkaiser@knight.com,{q3mp/V#6Mg
duncancandice,duncancandice@hotmail.com,dwtGN:4~*:v=_W
lewismelinda,lewismelinda@ward.net,n3%lr.Np
deborah04,deborah04@gordon.com,TtiM.l*0mTwa
ejohnson,ejohnson@carter-clark.com,IR?IP/O/7a;k/W#l
schneiderrebecca,schneiderrebecca@baldwin-gardner.com,k0^Tc]S+<1|m$
parkerkrystal,parkerkrystal@hotmail.com,S?1p[po.c9?1Ih7^
bryce28,bryce28@campbell.biz,<&6|f3YNW84[&ETQ
valdezwilliam,valdezwilliam@hotmail.com,"]n@#>,@_RXz"
adrian98,adrian98@hotmail.com,_{S9%vLp3{
jamesnelson,jamesnelson@beard.com,H4taX~{lYX|?M
chris21,chris21@ruiz.biz,T2o0B+n^!6p=PYt
kwilson,kwilson@duarte.com,KUbK-o}^<
mindy32,mindy32@gmail.com,Z5>08Uo747
boylekelsey,boylekelsey@yahoo.com,?52/Mb!}^]/Uq
justin95,justin95@walker.com,z(YU)H0&i(u
saunderskeith,saunderskeith@gmail.com,"GCf,n6`OI>a+"
matthewdurham,matthewdurham@hotmail.com,&3h_/90Z
zhill,zhill@yahoo.com,Y@s8]OJ=lu2p
jeffreywang,jeffreywang@yahoo.com,0<q>m/F&:U0Djt}@
steven06,steven06@hotmail.com,C~YMNP9wEqh
rossdavid,rossdavid@hotmail.com,m+{&<w3{jVu@p4
victormiddleton,victormiddleton@hotmail.com,.~KR3Y9EKl
keithball,keithball@yahoo.com,S2N1.ZrV^c%16&EA
rachel97,rachel97@gmail.com,$2l-/$Vscz
nathanparks,nathanparks@yahoo.com,.;@8fD#k&aLw<
zpatterson,zpatterson@diaz-lee.com,MCv:4s3sr4/VJ26S
fanderson,fanderson@bryant.com,5DTh`1Rt4*)x$JK)
harrischristopher,harrischristopher@hotmail.com,CyUlzg5j^
fuentesjohn,fuentesjohn@richards.net,^6&9p)sp~kG*0}_
freyes,freyes@sawyer.biz,&~|1Ga%+^4M&
smithdominique,smithdominique@gmail.com,Uc2=4S}HQ@U
dunnmichael,dunnmichael@barrett-mejia.com,|B/e%a`vH=k
jasmin43,jasmin43@gmail.com,X3kQYF.H!RU_k@
michellewilliams,michellewilliams@hotmail.com,39(@DWp&(+0
davidjones,davidjones@yahoo.com,s{r284U&ISP18]4|
teresa55,teresa55@hotmail.com,"I]N#0}1,*Ooz62"
colincollins,colincollins@yahoo.com,13}kQD3S[o32D/
sandraking,sandraking@hotmail.com,$29XjH7@
bherrera,bherrera@figueroa.com,o`t1;2WhV>qO(p
rebeccacollins,rebeccacollins@baker-hernandez.info,Uq#-dd2WR3
sgardner,sgardner@alvarez.com,0+v9l*9@M
jamesproctor,jamesproctor@hill.com,%Nq>5hgg{)!69`
charles76,charles76@stephens.com,/k`cza66^&4{
andreawhite,andreawhite@massey.info,0WR`::}&5cT
lematthew,lematthew@yahoo.com,"76Ji~8=J2!,ju"
hammondchristine,hammondchristine@hotmail.com,{SY~zS#PiN++!g%
william07,william07@yahoo.com,1R^:uhY`?F)`+*
qcannon,qcannon@howard.com,e33KooeTM3_
scottjones,scottjones@joseph.com,`DH~I6L)$W8
olsonjustin,olsonjustin@brown.org,$o/gK$dQaCr
thernandez,thernandez@hotmail.com,5Pr.*EX/[9sF
krystal70,krystal70@quinn.org,"j>G7!t`pqB9,w8;3"
campossarah,campossarah@yahoo.com,zae^x8e|9W$HK
brandon16,brandon16@bond.com,()6bh6G1K%q4
jessica74,jessica74@garrison.info,0X5CA.J=7n>
clarkbrittney,clarkbrittney@cowan.info,Ad;p)$CjFy&
lynnmiller,lynnmiller@griffin-hall.net,i4|4bG;9/4]iokd
timothyhamilton,timothyhamilton@oneill.info,F5a8&5coGoG1t+
fleonard,fleonard@hotmail.com,zin-z33ixq
gglenn,gglenn@hotmail.com,Q5Q6[0+!
jeremyvasquez,jeremyvasquez@gmail.com,o5C4y`~?lQl!7rDY
bethbates,bethbates@martin.com,7x:l!5g]460T2X
tonyachristensen,tonyachristensen@yahoo.com,/C-vEmC5o2K$/
ianderson,ianderson@roach-nelson.com,"KQS:2G,/rj=05F"
pruitthenry,pruitthenry@perez.info,q3o}|7n3_Sf
katelynnolan,katelynnolan@hotmail.com,%I0mWe><
mark95,mark95@weiss-young.biz,{J{v*G>9$T~ZfKz
allen11,allen11@gmail.com,_Yt:g203<l
lmurphy,lmurphy@gmail.com,b7>^JV9G46;KZ)E
thomas34,thomas34@padilla-page.com,"xEb,9o*Jv0b"
kathleen43,kathleen43@yahoo.com,oQn$g=&2B]6&s.
paul74,paul74@gmail.com,Vg*t?_)yi
dreyes,dreyes@yahoo.com,9x=tF79@=+J90n07
brooksjimmy,brooksjimmy@gmail.com,lvyyY/R:gHX]fb:T
claudia97,claudia97@gmail.com,$9;~{=kfZN!
ymiller,ymiller@adams-brewer.org,l$6z0qzCSM
likristen,likristen@yahoo.com,o^VC_>}^6X_wl
pbutler,pbutler@campos.com,2O7F8Df:WC8y=m
msanders,msanders@guzman.com,|n_fq/Zb0
jenniferle,jenniferle@scott.com,e=[&oe`8lzQ[acf*
john15,john15@hotmail.com,^n2k4+}(cSHqdi
lawsonrachel,lawsonrachel@yahoo.com,vv!1ByC}(TI/P
levinesusan,levinesusan@gmail.com,Tx/kwyx?]e?*-m+
michelle36,michelle36@moore.info,D6]Lxol<*cvE=.^D
christinamartin,christinamartin@harris.com,>.39/|r2A
mcdonaldthomas,mcdonaldthomas@barrett.org,@v?|A6jN]uaZ3
brandonberg,brandonberg@manning-tran.com,9qk3tc&/wy%Q|F3w
isaiahshaw,isaiahshaw@hotmail.com,E;v<Y[82d~@
owhite,owhite@gmail.com,r0@XX^F|
dwong,dwong@reid-smith.info,owzSNp~v>uKt@9n
montgomerybrittany,montgomerybrittany@gmail.com,6Q}0j>-_
charles61,charles61@hotmail.com,DSa#([B%V1
hdavis,hdavis@johnson.com,Y!-O:]mx6P8@<xyQ
carolyn63,carolyn63@gmail.com,6lAe9-;4I{WUdV5
woodardheather,woodardheather@yahoo.com,aq*87*h3:{M]!q
nnewman,nnewman@yahoo.com,"V,As2JA<gAp7"
kreynolds,kreynolds@hotmail.com,4{tw><ft;Y
cheyennemorris,cheyennemorris@best.com,3V<izAf85TGnz
amy86,amy86@gmail.com,]v^5ZCKmM.
davidzimmerman,davidzimmerman@hendricks.biz,xiFLm?c[x[-dU88
michaelsanford,michaelsanford@ross.com,:HE{TUI6RxP(
madkins,madkins@white.com,yh0?6O74M3$3-4e
gmays,gmays@gmail.com,745sfGt3
garciaanthony,garciaanthony@clark-cameron.com,1}Y5+L.br4<4
michael07,michael07@yahoo.com,7<FY[zi250
flong,flong@waller.com,7EPT[|4$uyQ3f3
michaelmartin,michaelmartin@gmail.com,c7P?CH$K0[*
ugregory,ugregory@yahoo.com,O?C}1?P!7Y<=3Ie
qrichards,qrichards@hotmail.com,pDc.3N;F(l)G3c/
zlewis,zlewis@gmail.com,Gy[2p^ACC{|)s=
watsonmarisa,watsonmarisa@banks.com,"s2u(V,qTo=mS8.7S"
amber38,amber38@morris.com,5P4I]2A6t?[x4:oZ
roger03,roger03@gmail.com,"$vu9B=cWr,v`91NY"
hurstemily,hurstemily@greer.com,"tvIZa,Pef"
littlemichael,littlemichael@yahoo.com,gJ*n$.$_
joangonzales,joangonzales@morgan.com,m0.ggXv0Y|7X8Sm0
cortezdiana,cortezdiana@berry.biz,}G=8:9-$A6r
baileyjohn,baileyjohn@mcguire.com,@R6Tw$F9
burchdonald,burchdonald@smith.com,&1{VA03Z
amberwest,amberwest@ortega.com,77=B02x`tjZ!IU
john32,john32@hall.info,";Q^uCx,n!=B4M1"
abbottkelsey,abbottkelsey@hotmail.com,74c}1T|Te9OaU
gonzalezjoseph,gonzalezjoseph@gmail.com,84o3@M%ROG10:
marksjames,marksjames@hotmail.com,`xD@nx6OIJC[
richard01,richard01@yahoo.com,nt8E@K0i(v
aprilramos,aprilramos@reyes.info,"ln(-~|/,B"
nicole39,nicole39@gomez-beck.net,Ot;pfGK1>B2<f09
xrichardson,xrichardson@gmail.com,ZhB3:54`x4kY0!
duranmark,duranmark@gmail.com,K!&igo-cT/B0R
warnersandra,warnersandra@yahoo.com,"/#4H,/A64WiR"
timothyjones,timothyjones@shaw.org,y1B404ZTwpqrgT?F
michaelwelch,michaelwelch@doyle.org,mq0_Yg}3|p1vj
andrea89,andrea89@hotmail.com,0zdt~`o8sAr28
debbieroberts,debbieroberts@gilbert.com,</a9D;<`t1
lucas69,lucas69@nguyen.com,4@Xo2;%B
elaineblankenship,elaineblankenship@armstrong.net,"9Cd05x,qG_Qe-5"
phernandez,phernandez@stephenson.biz,_nI*(/QEL
christopher15,christopher15@ford.com,}jLIeSk-3j
leebrian,leebrian@olson.com,+6f5=dmSN33J
dcox,dcox@hotmail.com,F5$9g..2
zberry,zberry@hotmail.com,LeR]L=~CF?
kathleenhudson,kathleenhudson@gmail.com,<Zd8LkRVDuDrr6-
dustinfrancis,dustinfrancis@harris-harper.org,r15|QGcP8soW]>X
fgarcia,fgarcia@yahoo.com,.9gB1xaWO4UE25
marknewman,marknewman@hotmail.com,2OsR8TXE&ai505ER
jensenwilliam,jensenwilliam@farmer.com,xJ0H<58x
timothyreid,timothyreid@gmail.com,",8xZ2CQ03|:<"
qodonnell,qodonnell@rocha.info,9@$:g>k37N8[-<.4
gordontroy,gordontroy@yahoo.com,"hT8`0m+3VRpYf#,%"
rodriguezdwayne,rodriguezdwayne@gates.com,2rvpkoieT
hooverlaurie,hooverlaurie@hotmail.com,R^yT9|q61
chungjason,chungjason@smith-estrada.net,Z<vc3_Rf>qp5
baileyscott,baileyscott@yahoo.com,84|v7N*:|q1
wmiranda,wmiranda@brown.com,WM/cHPQ>oU%ET5&Y
rickywilliams,rickywilliams@riley.com,p%G1%*5wshl.
brentsmith,brentsmith@mercer-hudson.com,v|~RLjOs)d
david25,david25@yahoo.com,"IAj:2I834,YHztr"
jherrera,jherrera@yahoo.com,8^cQ9E7q{m
pfrye,pfrye@hall-taylor.com,JFXW@zM4N-&Jur
tdavid,tdavid@hotmail.com,"3&K;5,;Q"
douglasbrown,douglasbrown@byrd-branch.org,"m6,{^X3Z9[O>3#"
adamscarrie,adamscarrie@williams.com,"`,b]]p+`8MPQy?x"
jennifer90,jennifer90@yahoo.com,pn7XAuKZk-
yjordan,yjordan@gmail.com,4KHO2J]c+0
yolanda76,yolanda76@yahoo.com,9}Pm5?MY1M9_6gh~
michael43,michael43@smith.com,>N3O^Wb}ndb@
fsmith,fsmith@hotmail.com,u570N6wXmaA}TA
lancebeard,lancebeard@owens-davis.com,FX_6N@<T
ewallace,ewallace@smith.biz,)-~p*|nbotVV48Ll
rdiaz,rdiaz@yahoo.com,L2woO4ZY(f:s.{
reyesshannon,reyesshannon@garner.com,Q1>27Lo34a
jmiller,jmiller@sweeney-jimenez.com,69NsRfd6`ZZ6[/};
gibsonderrick,gibsonderrick@gmail.com,No#:e3T7g0)[H`u!
fcarpenter,fcarpenter@hotmail.com,7F6{6~0{rK3fzZU
michaeljohnson,michaeljohnson@gilbert.com,XK=]hd9h?4rW/?4
martinpamela,martinpamela@miller-schmitt.org,_U8jKvGx11>JP
george65,george65@king-morris.com,%jWdaIEmb7nOP!D
tpace,tpace@gmail.com,"&miqEt&,EA"
pamelarojas,pamelarojas@mccarthy.com,JTh.P1[.x6MtAC
allenmichael,allenmichael@gmail.com,!yHW)0p4:VZ
deleonjulie,deleonjulie@hotmail.com,`i0xhSeZq8?
mooretaylor,mooretaylor@gonzalez-jackson.org,_BM?$|t8
willie40,willie40@yahoo.com,-fO0Uje+q!vf3K
mark01,mark01@wyatt.org,zTZds3]]
david72,david72@gmail.com,.B0myE45UDW
walkeramanda,walkeramanda@gmail.com,"7W,yYyM;59"
scottcharles,scottcharles@morgan.org,"x@GUSD,:zAf"
megan51,megan51@walker.net,B8NlWv=QfIXg=8yv
currymatthew,currymatthew@gmail.com,k6~nXL`tp.:
mgregory,mgregory@glover-woods.com,Uf_2Eb6Ba2
peterperry,peterperry@gmail.com,4A]_^_1cQT?r{E8
spencedawn,spencedawn@cox.com,Gq189@QF?2Y.
mathew26,mathew26@hotmail.com,d@r81#XC5E
troytownsend,troytownsend@byrd.info,5g0;Ztw22
lisa58,lisa58@hotmail.com,7w@e;62mAd2WK3
richardsbrian,richardsbrian@gmail.com,BI1A/Z1fykn$(
danadiaz,danadiaz@daniel-green.com,>U.CIw4wTlfe{8Y~
ujackson,ujackson@woods.com,8eO3^)q9<
juan17,juan17@bradley.com,*IKu+2d3
virginia79,virginia79@morris.com,Gfj21456k4
diana83,diana83@yahoo.com,U~{rtN2E/i!
crystal08,crystal08@daniels-miller.net,!~?nqDE%%ts1~?6
rebecca28,rebecca28@hodges-page.com,Ut53kYz6aWM
steven63,steven63@solomon.info,:i$1]?dB4C)/v
nicholas61,nicholas61@ramos-lewis.com,a1E+DH9O
matthew37,matthew37@gmail.com,201Rq(Hk
jessicacox,jessicacox@obrien.net,{[PSZ4F80+C^;ox
sanchezkevin,sanchezkevin@vasquez-castillo.com,S0qb2t)EI1;5EX56
mtran,mtran@richards.org,bTO8;kn:vm<
russellrobert,russellrobert@vega-juarez.com,?DI~`_=lW*cEq(
jillhuff,jillhuff@reed-kerr.com,B1PX|18jn0NGL);&
jasminegray,jasminegray@walsh.com,XE)5~Iwe~
townsendmatthew,townsendmatthew@bullock-dillon.com,",Yrt&@}u4s"
michael30,michael30@hubbard-fernandez.com,",&k1j1Tcfn8klzR"
angiewoods,angiewoods@yahoo.com,P<;b`19qcg
sjohnson,sjohnson@hotmail.com,6iWa5:>Ord?a
shelbydavis,shelbydavis@gmail.com,vQ1$Fyj7!GGe
christopher51,christopher51@camacho.net,JL-~ngf+KT[;
michaelcollins,michaelcollins@rivera.com,9`1{^*{eu
jacksonshawn,jacksonshawn@hotmail.com,6#y4P@lC
qedwards,qedwards@yahoo.com,Y:^GX/`bxrtR48
shane66,shane66@solis.com,Gr5LuA2&Jvq7jTv
williamscassandra,williamscassandra@yahoo.com,_86%8ofR83c
millermelissa,millermelissa@richardson.biz,^jZmtB5<I
elizabeth55,elizabeth55@yahoo.com,w:s&=f0J|{d*2
kyle11,kyle11@jones.info,S2sP[;F-?
lorettamoore,lorettamoore@anderson-matthews.com,wu>0Jf1qn
fitzgeraldaustin,fitzgeraldaustin@weaver.com,+9.z31E#E
jessica35,jessica35@jimenez.com,=2%s63(-
millergerald,millergerald@hotmail.com,Z.8KMV)hi+52
caleb49,caleb49@hotmail.com,tc?7hhX`[AzyrkG(
mollypeters,mollypeters@smith-whitehead.com,~;&R^IpAwZY4##
olittle,olittle@scott.com,Mi(8RH=v)47
sanchezjeffrey,sanchezjeffrey@gmail.com,k>XUXjD{h
nrobertson,nrobertson@hotmail.com,T$4o/Nz9s=e_+3
sandra01,sandra01@rivera-williams.net,Jz)YR6r.2.sd~
ryan11,ryan11@brooks.com,1U49Grkf^hu
grahamhannah,grahamhannah@wolf-mcguire.com,UiOHd6(`axYH9(
jenniferpatterson,jenniferpatterson@george.org,/W37*Ri>2_
dholt,dholt@gmail.com,WuC]nM@cxC
richardphilip,richardphilip@holmes-sharp.net,dh30a*X?8*rv
steven61,steven61@hotmail.com,&7$~gW5&<
uwilliams,uwilliams@yahoo.com,#`LRT7P!*T~1<
gailbrown,gailbrown@hotmail.com,Z1%:H!AP&h
sydney17,sydney17@yahoo.com,oy-:TP6G^e2
annajohnson,annajohnson@miller.net,y*Sdx_n@
castrocarla,castrocarla@howard.org,q_o6LVvW$-2&QPS#
laurie44,laurie44@hotmail.com,@B*pq/i_7%>
pamela50,pamela50@boone-walker.com,B1H=WuSY)<01[*
harrisjamie,harrisjamie@yahoo.com,zj)BX;7wE
loganpierce,loganpierce@barton-frederick.com,Yeuz[Fb{56bL1B
susan27,susan27@jacobson.com,k%/xK3F6zu1
lauren11,lauren11@yahoo.com,x=d.D46$Y{7Zq4h
josephhudson,josephhudson@price.com,",P7d.y],42Vmj"
lanemarcus,lanemarcus@hotmail.com,GrQDP[Aq70H6v8
dana47,dana47@wagner.com,s|Do!}hm~^zg{u3B
brandon29,brandon29@gmail.com,"aO8,XF8w,#]}"
lindsaygregory,lindsaygregory@gmail.com,EW#s7ePP%[
hmathews,hmathews@gmail.com,Vy<m/p8W
josephrobert,josephrobert@spencer-hill.net,"j>m*5U,V/a"
mjohnson,mjohnson@thomas.org,AMuw@1TWKWF(]}VC
tmiller,tmiller@gmail.com,8NwO6@t875GDHw;
baldwinanthony,baldwinanthony@hanson.com,25}z4Ara]E
jhensley,jhensley@schmitt.com,.Z9t9hoPQ
grantjose,grantjose@edwards.com,5#48!>/T92=
lesliegentry,lesliegentry@harris-alexander.com,ui#1w2$??U;lSW@d
andersonchristopher,andersonchristopher@hotmail.com,"m+l=4e!i{Wd,"
jameskelly,jameskelly@riley.biz,xFW47f@Z^{c
jamie69,jamie69@mitchell-nunez.org,Z5Q/K$D*|72B
lbrown,lbrown@black.com,T70x&Tp^Va>5
blakerichard,blakerichard@gmail.com,c?B;xeEGN/`4/
patrick52,patrick52@graham.com,"23k(,rZB=2V:rXdV"
kathleen57,kathleen57@gmail.com,<x<_0smL5$R30BRG
christopher28,christopher28@melendez.com,bs-cx71t
eric66,eric66@wilkins.com,7N.13*tI1(G*gV
jacquelineclayton,jacquelineclayton@phillips-dougherty.com,/y9+HXz64yw
akramer,akramer@clark.com,1l848_5|
markmoss,markmoss@lutz-sandoval.com,AWt3fN`35s
kennedyshannon,kennedyshannon@smith.com,C45cm{?S8Z%oI|
james42,james42@floyd-jones.com,IY_<`YDQVG5$
samuel02,samuel02@hotmail.com,qca_i9871
donnasmith,donnasmith@cooper-elliott.org,MNp5W;5a76[V9
iperez,iperez@gmail.com,6R0kdcw/~
lori37,lori37@thompson-scott.org,.!7xM3.g-2q}/]=
maciassheena,maciassheena@yahoo.com,$2quPP.RTo53H7b;
fwilson,fwilson@wright.com,nSF-/$K;9
fischerdavid,fischerdavid@weeks.info,jHk@I.Hnxi
hollandteresa,hollandteresa@davis.com,",j|7,}n[W"
monicameyer,monicameyer@hart.com,K5QA1A$9JP.O
jacobsbrianna,jacobsbrianna@robinson.com,bB^lnh1t]Pyo
sharonlara,sharonlara@koch.com,T@=1%b4oq4D
tylersantos,tylersantos@hoover.com,18mTs}o|H9
gdiaz,gdiaz@wilcox.com,Nz8<)KyC5WF3
thomassarah,thomassarah@gmail.com,%9.>Cfet0[:?N.M+
jeremy98,jeremy98@gmail.com,i80(b_4MF5t
jeffreybruce,jeffreybruce@george.com,ogMP;r6pM:/7
jonathanross,jonathanross@hotmail.com,@m0%2qN|_)?n`j0
nicholasmccoy,nicholasmccoy@gmail.com,x^<d)>wu-L/p6
rlewis,rlewis@smith.com,9c!~vR9-4.aJ2{E
williamblake,williamblake@gmail.com,jp=DOa_&=W1(k6r6
corozco,corozco@everett-burnett.com,x7pl}3hZ9
fstewart,fstewart@mitchell.biz,[?|r_3(nSf
brucekenneth,brucekenneth@hotmail.com,Py4[Ow/50S[8xKQ
smiddleton,smiddleton@hotmail.com,"0q?(X1,9"
freycindy,freycindy@yahoo.com,*~oSeH50WElz5+`6
grahamdana,grahamdana@gmail.com,(&vF33d6dJ@
harristimothy,harristimothy@wright.org,",$teBF&7_{3}>t1"
gregorystephanie,gregorystephanie@gibson-wright.com,b-k<{pv$]j7fZ>
landrykerry,landrykerry@costa.info,0_+w}Gut7x
jaimejackson,jaimejackson@campbell.org,il&suMprIZmL
amandasmith,amandasmith@gmail.com,",PHCi~|o)v9|3;"
kevin47,kevin47@cox.com,:C[ZH4`92
gmartinez,gmartinez@hotmail.com,",>A.`9)`eO46"
crosslisa,crosslisa@yahoo.com,Q3LySju@$]eh
dawnmatthews,dawnmatthews@silva-wilson.com,5Id1(@3yr
phillipholmes,phillipholmes@weber.com,Rp61BM?8Ys7zM82$
